contractnumber,startdate,enddate,laborerscount,contractversion,approvaldate,status_ar,ajeer_laborofficeid,ajeer_sequencenumber,establishment_laborofficeid,establishment_sequencenumber,time
1308000001,2013-08-29 00:00:00.000,2015-04-24 21:00:00.000,6,2,2014-12-06 12:55:46.477,منتهي,1,348291,10,53270,1377734400
1309000001,2013-09-26 00:00:00.000,2015-08-25 00:00:00.000,21,1,2013-09-26 13:33:50.370,منتهي,1,355270,1,245750,1380153600
1309000002,2013-09-26 00:00:00.000,2015-08-25 00:00:00.000,23,1,2013-09-26 13:34:00.140,منتهي,1,355270,1,245750,1380153600
1309000003,2013-09-26 00:00:00.000,2015-08-25 00:00:00.000,22,1,2013-09-26 13:34:09.097,منتهي,1,355270,1,245750,1380153600
1309000004,2013-09-26 00:00:00.000,2015-08-25 00:00:00.000,22,1,2013-09-26 13:34:20.490,منتهي,1,355270,1,245750,1380153600
1309000005,2013-09-26 00:00:00.000,2015-08-25 00:00:00.000,21,1,2013-09-26 13:34:35.893,منتهي,1,355270,1,245750,1380153600
1309000006,2013-09-26 00:00:00.000,2015-08-25 00:00:00.000,23,1,2013-09-26 13:34:48.503,منتهي,1,355270,1,245750,1380153600
1309000007,2013-09-26 00:00:00.000,2015-08-25 00:00:00.000,13,1,2013-09-26 13:35:03.027,منتهي,1,355270,1,245750,1380153600
1309000008,2013-09-29 00:00:00.000,2015-09-28 00:00:00.000,24,1,2013-09-29 15:05:51.133,منتهي,1,355270,1,335311,1380412800
1309000009,2013-09-29 00:00:00.000,2015-09-28 00:00:00.000,23,1,2013-09-29 15:06:29.990,منتهي,1,355270,1,335311,1380412800
1309000010,2013-09-29 00:00:00.000,2015-09-28 00:00:00.000,23,1,2013-09-29 15:06:45.480,منتهي,1,355270,1,335311,1380412800
1309000011,2013-09-29 00:00:00.000,2015-09-28 00:00:00.000,23,1,2013-09-29 15:07:09.567,منتهي,1,355270,1,335311,1380412800
1309000012,2013-09-29 00:00:00.000,2015-09-28 00:00:00.000,22,1,2013-09-29 15:07:50.720,منتهي,1,355270,1,335311,1380412800
1309000013,2013-09-29 00:00:00.000,2015-09-28 00:00:00.000,24,1,2013-09-29 15:08:06.280,منتهي,1,355270,1,335311,1380412800
1309000014,2013-09-29 00:00:00.000,2015-09-28 00:00:00.000,24,1,2013-09-29 15:08:22.307,منتهي,1,355270,1,335311,1380412800
1309000015,2013-09-29 00:00:00.000,2015-09-28 00:00:00.000,19,1,2013-09-29 15:08:34.137,منتهي,1,355270,1,335311,1380412800
1310000001,2013-10-27 00:00:00.000,2015-10-27 00:00:00.000,23,1,,منتهي,1,355270,1,220928,1382832000
1310000002,2013-10-27 00:00:00.000,2015-10-27 00:00:00.000,35,1,,منتهي,1,355270,1,220928,1382832000
1310000003,2013-10-27 00:00:00.000,2015-10-27 00:00:00.000,72,1,,منتهي,1,355270,9,143150,1382832000
1310000004,2013-10-27 00:00:00.000,2015-10-27 00:00:00.000,7,1,,منتهي,1,355270,9,152419,1382832000
1310000005,2013-10-30 00:00:00.000,2015-10-28 00:00:00.000,12,1,,منتهي,1,355270,1,14046,1383091200
1310000006,2013-10-31 00:00:00.000,2015-10-29 00:00:00.000,18,1,,منتهي,1,355270,1,245750,1383177600
1310000007,2013-10-31 00:00:00.000,2015-10-29 00:00:00.000,79,1,,منتهي,1,355270,9,126918,1383177600
1310000008,2013-10-31 00:00:00.000,2015-10-29 00:00:00.000,36,1,,منتهي,1,355270,1,6645,1383177600
1310000009,2013-10-31 00:00:00.000,2015-10-29 00:00:00.000,11,1,,منتهي,1,355270,1,335311,1383177600
1311000001,2013-11-05 00:00:00.000,2015-04-24 21:00:00.000,15,2,2015-01-03 00:00:00.367,منتهي,1,348291,9,80485,1383609600
1311000002,2013-11-05 00:00:00.000,2015-10-05 00:00:00.000,4,2,2014-12-08 00:00:01.080,منتهي,1,348301,1,153814,1383609600
1311000003,2013-11-05 00:00:00.000,2015-06-21 00:00:00.000,0,1,2013-11-05 17:04:48.330,منتهي,1,348301,1,167143,1383609600
1311000004,2013-11-06 00:00:00.000,2015-07-11 00:00:00.000,96,1,2013-11-06 10:12:29.373,منتهي,1,348301,16,3076,1383696000
1311000005,2013-11-06 00:00:00.000,2015-04-28 00:00:00.000,251,1,2013-11-22 10:39:31.237,منتهي,1,348301,1,1917,1383696000
1311000006,2013-11-06 00:00:00.000,2015-04-22 00:00:00.000,75,1,2013-12-11 20:31:01.240,منتهي,1,348301,1,40115,1383696000
1311000007,2013-11-06 00:00:00.000,2015-04-27 00:00:00.000,49,1,2013-11-06 10:42:20.807,منتهي,1,348301,1,40115,1383696000
1311000008,2013-11-06 00:00:00.000,2015-06-08 00:00:00.000,0,1,2013-11-06 10:45:08.333,منتهي,1,348301,1,40115,1383696000
1311000009,2013-11-06 00:00:00.000,2015-04-06 00:00:00.000,20,1,,منتهي,1,348301,1,40115,1383696000
1311000010,2013-11-06 00:00:00.000,2015-09-03 00:00:00.000,1,1,2013-11-06 12:15:33.153,منتهي,1,348301,1,21876,1383696000
1311000011,2013-11-06 00:00:00.000,2015-07-01 00:00:00.000,1,1,2013-11-06 12:21:56.940,منتهي,1,348301,1,31846,1383696000
1311000012,2013-11-06 00:00:00.000,2015-10-06 00:00:00.000,1,1,2014-03-01 19:58:27.010,منتهي,1,348301,1,302716,1383696000
1311000013,2013-11-06 00:00:00.000,2015-07-09 00:00:00.000,17,1,2013-12-29 12:20:55.747,منتهي,1,348301,1,283515,1383696000
1311000014,2013-11-06 00:00:00.000,2015-07-01 00:00:00.000,3,1,2014-01-12 08:40:25.193,منتهي,1,348301,1,3600,1383696000
1311000015,2013-11-06 00:00:00.000,2015-07-01 00:00:00.000,1,1,2013-11-06 16:22:16.410,منتهي,1,348301,1,7850,1383696000
1311000016,2013-11-07 00:00:00.000,2015-02-25 21:00:00.000,18,2,2015-01-03 00:00:00.367,منتهي,1,348291,1,2014,1383782400
1311000017,2013-11-07 00:00:00.000,2015-02-24 21:00:00.000,40,2,2015-01-03 00:00:00.367,منتهي,1,348291,9,154909,1383782400
1311000018,2013-11-07 00:00:00.000,2015-07-02 00:00:00.000,6,1,2013-11-07 11:26:08.280,منتهي,1,348291,1,142421,1383782400
1311000019,2013-11-07 00:00:00.000,2015-04-30 00:00:00.000,43,1,2013-11-07 11:34:02.303,منتهي,1,348291,1,142421,1383782400
1311000020,2013-11-07 00:00:00.000,2015-04-19 21:00:00.000,23,2,2015-01-03 00:00:00.367,منتهي,1,348291,9,117376,1383782400
1311000021,2013-11-07 00:00:00.000,2015-06-13 21:00:00.000,5,2,2015-01-03 00:00:00.367,منتهي,1,348291,9,80485,1383782400
1311000022,2013-11-07 00:00:00.000,2015-05-30 00:00:00.000,2,1,2013-11-07 11:49:54.957,منتهي,1,348291,1,172216,1383782400
1311000023,2013-11-07 00:00:00.000,2015-09-24 21:00:00.000,21,3,2015-06-12 00:00:02.580,منتهي,1,348291,13,36678,1383782400
1311000024,2013-11-07 00:00:00.000,2015-06-11 21:00:00.000,26,2,2015-01-03 00:00:00.367,منتهي,1,348291,1,11299,1383782400
1311000025,2013-11-07 00:00:00.000,2015-06-12 00:00:00.000,9,1,2013-11-07 12:01:50.270,منتهي,1,348291,1,192109,1383782400
1311000026,2013-11-07 00:00:00.000,2015-04-24 21:00:00.000,19,2,2015-01-03 00:00:00.367,منتهي,1,348291,1,97666,1383782400
1311000027,2013-11-07 00:00:00.000,2015-06-11 21:00:00.000,16,2,2015-01-03 00:00:00.367,منتهي,1,348291,9,9252,1383782400
1311000028,2013-11-07 00:00:00.000,2015-06-16 21:00:00.000,23,2,2015-01-03 00:00:00.367,منتهي,1,348291,1,92300,1383782400
1311000029,2013-11-07 00:00:00.000,2015-06-17 00:00:00.000,7,1,2013-12-10 08:20:26.970,منتهي,1,348291,1,227470,1383782400
1311000030,2013-11-07 00:00:00.000,2015-07-23 21:00:00.000,0,3,2015-01-08 00:00:00.727,منتهي,1,348291,1,98769,1383782400
1311000031,2013-11-07 00:00:00.000,2015-06-11 21:00:00.000,13,2,2015-01-03 00:00:00.367,منتهي,1,348291,1,8640,1383782400
1311000032,2013-11-07 00:00:00.000,2015-07-23 21:00:00.000,20,2,2014-12-19 00:00:00.600,منتهي,1,348291,3,65204,1383782400
1311000033,2013-11-07 00:00:00.000,2015-07-24 00:00:00.000,11,1,2013-11-07 12:47:12.017,منتهي,1,348291,4,97998,1383782400
1311000034,2013-11-07 00:00:00.000,2015-07-23 00:00:00.000,3,1,2013-11-07 12:49:16.277,منتهي,1,348291,1,271717,1383782400
1311000035,2014-01-21 00:00:00.000,2015-07-17 21:00:00.000,39,3,2015-01-03 00:00:00.367,منتهي,1,348291,9,159540,1390262400
1311000036,2013-11-07 00:00:00.000,2015-07-01 00:00:00.000,0,1,2013-11-07 13:26:17.347,منتهي,1,348291,1,52288,1383782400
1311000037,2013-11-07 00:00:00.000,2015-06-30 21:00:00.000,0,2,2015-01-03 00:00:00.367,منتهي,1,348291,1,118063,1383782400
1311000038,2013-11-07 00:00:00.000,2015-07-16 21:00:00.000,16,2,2015-01-03 00:00:00.367,منتهي,1,348291,10,100722,1383782400
1311000039,2013-11-07 00:00:00.000,2015-09-28 21:00:00.000,5,2,2015-01-03 00:00:00.367,منتهي,1,348291,1,207005,1383782400
1311000040,2013-11-07 00:00:00.000,2015-07-15 21:00:00.000,46,2,2015-01-03 00:00:00.367,منتهي,1,348291,1,210937,1383782400
1311000041,2013-11-07 00:00:00.000,2015-07-23 21:00:00.000,72,3,2015-01-23 00:00:00.753,منتهي,1,348291,1,282827,1383782400
1311000042,2013-11-07 00:00:00.000,2015-09-01 21:00:00.000,25,2,2015-01-03 00:00:00.367,منتهي,1,348291,1,223020,1383782400
1311000043,2013-11-07 00:00:00.000,2015-05-03 00:00:00.000,54,1,2013-11-07 15:42:07.767,منتهي,1,348291,1,230097,1383782400
1311000044,2013-11-07 00:00:00.000,2015-07-25 00:00:00.000,236,1,2013-11-07 16:14:46.923,منتهي,1,348291,13,96414,1383782400
1311000045,2013-11-07 00:00:00.000,2015-10-07 00:00:00.000,6,1,2013-11-07 16:26:47.420,منتهي,1,348301,1,208969,1383782400
1311000046,2013-11-07 00:00:00.000,2015-08-10 00:00:00.000,11,1,2013-11-07 16:31:01.390,منتهي,1,348301,15,16826,1383782400
1311000047,2013-11-07 00:00:00.000,2015-07-29 21:00:00.000,10,2,2015-01-03 00:00:00.367,منتهي,1,348291,9,84823,1383782400
1311000048,2013-11-07 00:00:00.000,2015-06-22 21:00:00.000,22,2,2015-01-03 00:00:00.367,منتهي,1,348291,9,37185,1383782400
1311000049,2013-11-07 00:00:00.000,2015-07-30 00:00:00.000,62,1,2013-11-07 17:06:09.620,منتهي,1,348291,9,74339,1383782400
1311000050,2013-11-07 00:00:00.000,2015-07-17 21:00:00.000,158,2,2015-01-03 00:00:00.367,منتهي,1,348291,13,85136,1383782400
1311000051,2013-11-07 00:00:00.000,2015-07-30 00:00:00.000,89,1,2013-11-07 17:26:28.283,منتهي,1,348291,9,107357,1383782400
1311000052,2013-11-08 00:00:00.000,2015-07-30 00:00:00.000,87,1,2013-11-08 13:05:58.110,منتهي,1,348291,9,41538,1383868800
1311000053,2013-11-10 00:00:00.000,2015-07-30 00:00:00.000,26,1,2013-11-10 19:13:58.360,منتهي,1,348291,1,203677,1384041600
1311000054,2013-11-10 00:00:00.000,2015-07-15 21:00:00.000,52,3,2015-01-03 00:00:00.367,منتهي,1,348291,1,116634,1384041600
1311000055,2013-11-10 00:00:00.000,2015-07-28 00:00:00.000,45,1,2013-11-10 19:20:11.867,منتهي,1,348291,1,230097,1384041600
1311000056,2013-11-10 00:00:00.000,2015-07-28 00:00:00.000,0,1,2013-11-10 19:22:58.207,منتهي,1,348291,2,58486,1384041600
1311000057,2013-11-10 00:00:00.000,2015-07-27 21:00:00.000,26,2,2015-06-10 00:00:00.787,منتهي,1,348291,11,131426,1384041600
1311000058,2013-11-10 00:00:00.000,2015-07-30 21:00:00.000,5,2,2015-01-03 00:00:00.367,منتهي,1,348291,1,99445,1384041600
1311000059,2014-12-18 00:00:00.000,2015-08-31 21:00:00.000,6,3,2014-12-18 12:39:31.150,منتهي,1,348291,15,1392,1418860800
1311000060,2013-11-10 00:00:00.000,2015-09-02 00:00:00.000,1,1,2013-11-10 19:33:03.713,منتهي,1,348291,1,258103,1384041600
1311000061,2013-11-10 00:00:00.000,2015-08-30 00:00:00.000,2,1,2013-11-10 19:35:35.367,منتهي,1,348291,1,268268,1384041600
1311000062,2013-11-10 00:00:00.000,2015-07-30 21:00:00.000,10,2,2015-01-03 00:00:00.367,منتهي,1,348291,1,1763,1384041600
1311000063,2013-11-10 00:00:00.000,2015-09-04 00:00:00.000,40,1,2014-01-30 15:38:36.143,منتهي,1,348291,1,4021,1384041600
1311000064,2013-11-10 00:00:00.000,2015-09-18 21:00:00.000,15,2,2015-01-03 00:00:00.367,منتهي,1,348291,1,27904,1384041600
1311000065,2013-11-10 00:00:00.000,2015-07-23 00:00:00.000,1,1,2013-11-10 19:46:29.277,منتهي,1,348291,1,27904,1384041600
1311000066,2013-11-10 00:00:00.000,2015-09-22 00:00:00.000,5,1,2013-11-10 19:52:28.567,منتهي,1,348291,1,163049,1384041600
1311000067,2013-11-10 00:00:00.000,2015-09-25 00:00:00.000,2,1,2013-11-10 19:54:13.220,منتهي,1,348291,11,116777,1384041600
1311000068,2013-11-10 00:00:00.000,2015-09-29 00:00:00.000,0,1,2013-11-10 19:56:26.297,منتهي,1,348291,1,258795,1384041600
1311000069,2013-11-10 00:00:00.000,2015-07-18 00:00:00.000,54,1,2013-11-10 20:03:07.227,منتهي,1,348291,2,3066,1384041600
1311000070,2013-11-11 00:00:00.000,2015-06-12 00:00:00.000,2,1,2013-11-24 15:55:53.757,منتهي,1,348301,1,346743,1384128000
1311000071,2013-11-11 00:00:00.000,2015-06-12 00:00:00.000,1,1,2013-11-24 15:56:06.970,منتهي,1,348301,1,346743,1384128000
1311000072,2013-11-14 00:00:00.000,2015-06-03 00:00:00.000,4,1,2014-01-09 11:01:59.670,منتهي,1,348301,1,232580,1384387200
1312000001,2014-06-16 00:00:00.000,2019-06-16 00:00:00.000,11,2,2014-12-08 00:00:01.080,منتهي,4,102803,4,93314,1402876800
1312000002,2013-12-05 00:00:00.000,2014-04-04 00:00:00.000,49,1,2013-12-15 12:17:30.210,منتهي,1,348291,1,147116,1386201600
1312000003,2013-12-05 00:00:00.000,2015-04-07 00:00:00.000,71,1,2013-12-05 20:14:14.907,منتهي,1,348291,9,117376,1386201600
1312000004,2013-12-05 00:00:00.000,2015-07-01 00:00:00.000,0,1,2014-01-20 19:08:47.273,منتهي,1,348291,1,216865,1386201600
1312000005,2013-12-06 00:00:00.000,2015-07-15 21:00:00.000,6,2,2015-01-03 00:00:00.367,منتهي,1,348291,1,125409,1386288000
1312000006,2013-12-06 00:00:00.000,2015-09-10 00:00:00.000,6,1,2013-12-06 08:16:15.840,منتهي,1,348291,4,57596,1386288000
1312000007,2013-12-06 00:00:00.000,2015-07-01 00:00:00.000,55,1,2013-12-06 08:23:37.550,منتهي,1,348291,11,131426,1386288000
1312000008,2013-12-06 00:00:00.000,2015-11-11 00:00:00.000,0,3,2015-05-29 00:00:00.907,منتهي,1,348291,1,324757,1386288000
1312000009,2013-12-06 00:00:00.000,2015-11-12 21:00:00.000,1,2,2015-01-03 00:00:00.367,منتهي,1,348291,1,92300,1386288000
1312000010,2013-12-06 00:00:00.000,2015-11-04 00:00:00.000,2,2,2015-01-03 00:00:00.367,منتهي,1,348291,1,325121,1386288000
1312000011,2013-12-06 00:00:00.000,2017-12-31 00:00:00.000,2,2,2015-11-25 00:00:00.730,منتهي,1,348291,1,339773,1386288000
1312000012,2013-12-06 00:00:00.000,2015-11-14 00:00:00.000,1,1,2013-12-06 11:11:22.233,منتهي,1,348291,1,129631,1386288000
1312000013,2013-12-06 00:00:00.000,2015-10-03 00:00:00.000,0,1,2013-12-06 11:28:26.213,منتهي,1,348291,1,351734,1386288000
1312000014,2013-12-08 00:00:00.000,2015-11-07 00:00:00.000,2,1,2013-12-08 09:40:16.650,منتهي,1,348291,1,142421,1386460800
1312000015,2013-12-08 00:00:00.000,2015-09-30 00:00:00.000,1,1,2013-12-08 09:52:39.577,منتهي,1,348291,9,51508,1386460800
1312000016,2013-12-08 00:00:00.000,2015-11-01 21:00:00.000,64,3,2015-02-06 00:00:00.837,منتهي,1,348291,9,5666,1386460800
1312000017,2013-12-08 00:00:00.000,2015-09-03 21:00:00.000,7,2,2015-01-03 00:00:00.367,منتهي,1,348291,1,11299,1386460800
1312000018,2013-12-08 00:00:00.000,2015-11-11 00:00:00.000,2,1,2013-12-08 10:56:36.683,منتهي,1,348291,1,192109,1386460800
1312000019,2013-12-08 00:00:00.000,2015-09-10 21:00:00.000,1,2,2015-01-03 00:00:00.367,منتهي,1,348291,9,9252,1386460800
1312000020,2013-12-08 00:00:00.000,2015-09-21 21:00:00.000,4,2,2015-01-03 00:00:00.367,منتهي,1,348291,1,92300,1386460800
1312000021,2013-12-08 00:00:00.000,2015-10-29 00:00:00.000,2,1,2013-12-10 08:20:38.810,منتهي,1,348291,1,227470,1386460800
1312000022,2013-12-08 00:00:00.000,2015-09-08 00:00:00.000,7,1,2013-12-08 11:55:25.453,منتهي,1,348291,9,159540,1386460800
1312000023,2013-12-08 00:00:00.000,2015-09-27 00:00:00.000,2,1,2013-12-08 12:27:58.943,منتهي,1,348291,1,207005,1386460800
1312000024,2013-12-08 00:00:00.000,2015-07-23 21:00:00.000,9,2,2015-01-03 00:00:00.367,منتهي,1,348291,1,210937,1386460800
1312000025,2013-12-08 00:00:00.000,2015-09-21 21:00:00.000,69,2,2015-01-03 00:00:00.367,منتهي,1,348291,13,96414,1386460800
1312000026,2013-12-08 00:00:00.000,2015-09-21 21:00:00.000,80,2,2015-01-03 00:00:00.367,منتهي,1,348291,13,96414,1386460800
1312000027,2013-12-08 00:00:00.000,2015-10-30 21:00:00.000,26,2,2015-01-03 00:00:00.367,منتهي,1,348291,9,37185,1386460800
1312000028,2013-12-08 00:00:00.000,2015-09-18 21:00:00.000,28,2,2014-12-18 00:00:01.067,منتهي,1,348291,1,116634,1386460800
1312000029,2013-12-08 00:00:00.000,2015-09-30 21:00:00.000,12,3,2015-05-29 00:00:00.907,منتهي,1,348291,1,324757,1386460800
1312000030,2013-12-08 00:00:00.000,2015-10-06 21:00:00.000,57,2,2015-01-03 00:00:00.367,منتهي,1,348291,1,220787,1386460800
1312000031,2013-12-08 00:00:00.000,2015-10-07 00:00:00.000,4,1,2013-12-08 14:36:38.063,منتهي,1,348291,1,258103,1386460800
1312000032,2013-12-08 00:00:00.000,2015-11-19 21:00:00.000,11,2,2015-01-03 00:00:00.367,منتهي,1,348291,9,123426,1386460800
1312000033,2013-12-08 00:00:00.000,2015-10-21 21:00:00.000,13,2,2014-12-08 00:00:01.080,منتهي,1,348291,1,268268,1386460800
1312000034,2013-12-08 00:00:00.000,2015-10-10 00:00:00.000,72,1,2013-12-08 14:57:00.953,منتهي,1,348291,27,40523,1386460800
1312000035,2013-12-08 00:00:00.000,2015-10-11 00:00:00.000,6,1,2013-12-08 15:01:24.950,منتهي,1,348291,1,1763,1386460800
1312000036,2013-12-08 00:00:00.000,2015-11-01 00:00:00.000,0,1,2013-12-23 16:25:45.487,منتهي,1,348291,6,9933,1386460800
1312000037,2013-12-08 00:00:00.000,2015-11-12 00:00:00.000,0,1,2013-12-30 08:29:40.253,منتهي,1,348291,1,211277,1386460800
1312000038,2013-12-08 00:00:00.000,2015-10-28 21:00:00.000,16,3,2015-04-16 00:00:01.213,منتهي,1,348291,6,530,1386460800
1312000039,2013-12-08 00:00:00.000,2015-11-02 21:00:00.000,63,2,2015-01-03 00:00:00.367,منتهي,1,348291,15,7616,1386460800
1312000040,2013-12-08 00:00:00.000,2015-10-13 00:00:00.000,2,1,2013-12-08 15:39:28.093,منتهي,1,348291,1,3860,1386460800
1312000041,2013-12-08 00:00:00.000,2015-10-11 21:00:00.000,11,4,2014-12-22 08:06:52.500,منتهي,1,348291,1,107358,1386460800
1312000042,2015-01-02 00:00:00.000,2017-12-31 00:00:00.000,60,7,2015-11-25 00:00:00.730,منتهي,1,348291,15,968,1420156800
1312000043,2013-12-08 00:00:00.000,2018-04-06 00:00:00.000,1,4,2017-04-08 00:00:00.503,فعال,1,348291,1,271717,1386460800
1312000044,2014-01-21 00:00:00.000,2015-08-24 21:00:00.000,26,3,2014-12-18 00:00:01.067,منتهي,1,348291,4,91221,1390262400
1312000045,2013-12-08 00:00:00.000,2015-10-15 00:00:00.000,356,1,2013-12-08 16:06:56.403,منتهي,1,348291,6,13443,1386460800
1312000046,2013-12-08 00:00:00.000,2015-11-12 21:00:00.000,0,2,2015-01-03 00:00:00.367,منتهي,1,348291,1,260691,1386460800
1312000047,2013-12-08 00:00:00.000,2015-11-13 21:00:00.000,2,2,2015-01-03 00:00:00.367,منتهي,1,348291,1,119095,1386460800
1312000048,2014-12-29 00:00:00.000,2015-10-11 21:00:00.000,44,6,2014-12-30 00:00:00.173,منتهي,1,348291,11,116777,1419811200
1312000049,2013-12-08 00:00:00.000,2017-12-31 18:00:00.000,4,4,2015-11-25 00:00:00.730,منتهي,1,348291,4,90870,1386460800
1312000050,2013-12-08 00:00:00.000,2015-11-16 21:00:00.000,4,2,2015-01-03 00:00:00.367,منتهي,1,348291,9,120894,1386460800
1312000051,2013-12-08 00:00:00.000,2015-11-16 21:00:00.000,43,2,2015-01-03 00:00:00.367,منتهي,1,348291,9,131356,1386460800
1312000052,2013-12-08 00:00:00.000,2015-12-01 00:00:00.000,1,1,2013-12-08 19:35:18.900,منتهي,1,348291,9,116262,1386460800
1312000053,2013-12-08 00:00:00.000,2015-11-19 21:00:00.000,2,2,2015-01-03 00:00:00.367,منتهي,1,348291,1,105029,1386460800
1312000054,2013-12-08 00:00:00.000,2015-11-16 21:00:00.000,10,2,2014-12-08 00:00:01.080,منتهي,1,348291,1,107358,1386460800
1312000055,2013-12-08 00:00:00.000,2015-11-17 00:00:00.000,1,1,2013-12-08 19:59:57.380,منتهي,1,348291,1,200940,1386460800
1312000056,2014-01-17 00:00:00.000,2015-09-25 21:00:00.000,3,4,2015-03-28 00:00:01.187,منتهي,1,348291,1,269042,1389916800
1312000057,2013-12-09 00:00:00.000,2015-11-06 21:00:00.000,2,2,2015-01-03 00:00:00.367,منتهي,1,348291,1,325121,1386547200
1312000058,2013-12-09 00:00:00.000,2015-11-07 00:00:00.000,0,1,2013-12-18 21:53:33.510,منتهي,1,348291,32,11509,1386547200
1312000059,2013-12-09 00:00:00.000,2015-11-24 21:00:00.000,0,3,2015-03-14 00:00:01.050,منتهي,1,348291,1,214457,1386547200
1312000060,2013-12-09 00:00:00.000,2017-12-31 15:50:00.000,4,2,2015-11-25 00:00:00.730,منتهي,1,348291,1,366745,1386547200
1312000061,2013-12-09 00:00:00.000,2015-11-13 00:00:00.000,2,1,2013-12-09 09:13:55.723,منتهي,1,348291,1,92300,1386547200
1312000062,2013-12-09 00:00:00.000,2015-11-21 00:00:00.000,1,1,2013-12-17 20:39:56.207,منتهي,1,348291,1,324757,1386547200
1312000063,2013-12-09 00:00:00.000,2015-12-01 00:00:00.000,5,1,2013-12-09 09:33:53.710,منتهي,1,348291,1,143441,1386547200
1312000064,2013-12-09 00:00:00.000,2015-10-06 21:00:00.000,25,2,2015-01-03 00:00:00.367,منتهي,1,348291,2,3066,1386547200
1312000065,2013-12-09 00:00:00.000,2015-10-29 21:00:00.000,181,2,2014-12-20 00:00:00.607,منتهي,1,348291,6,13443,1386547200
1312000066,2013-12-09 00:00:00.000,2015-11-17 21:00:00.000,181,2,2015-01-03 00:00:00.367,منتهي,1,348291,6,13443,1386547200
1312000067,2013-12-09 00:00:00.000,2017-12-31 18:00:00.000,156,3,2015-11-25 00:00:00.730,منتهي,1,348291,6,13443,1386547200
1312000068,2013-12-09 00:00:00.000,2015-07-14 00:00:00.000,21,1,2014-01-29 14:00:20.053,منتهي,1,348301,1,327440,1386547200
1312000069,2013-12-09 00:00:00.000,2015-08-28 00:00:00.000,1,1,2013-12-09 12:15:54.087,منتهي,1,348301,1,208969,1386547200
1312000070,2013-12-09 00:00:00.000,2015-07-07 00:00:00.000,1,1,2013-12-09 12:38:00.287,منتهي,1,348301,15,16826,1386547200
1312000071,2013-12-09 00:00:00.000,2015-07-14 00:00:00.000,155,1,2014-01-29 14:00:51.707,منتهي,1,348301,1,327440,1386547200
1312000072,2013-12-09 00:00:00.000,2015-07-11 00:00:00.000,86,1,2013-12-09 12:47:31.287,منتهي,1,348301,16,3076,1386547200
1312000073,2013-12-09 00:00:00.000,2015-07-31 00:00:00.000,1,1,2013-12-09 12:50:34.297,منتهي,1,348301,1,217796,1386547200
1312000074,2013-12-09 00:00:00.000,2015-06-12 00:00:00.000,2,1,2013-12-10 18:04:49.450,منتهي,1,348301,1,346743,1386547200
1312000075,2013-12-09 00:00:00.000,2015-09-22 00:00:00.000,133,1,2013-12-09 12:58:42.987,منتهي,1,348301,1,57247,1386547200
1312000076,2013-12-09 00:00:00.000,2015-08-28 00:00:00.000,1,1,2013-12-09 13:02:51.403,منتهي,1,348301,1,1017,1386547200
1312000077,2013-12-09 00:00:00.000,2015-04-14 00:00:00.000,190,1,2013-12-09 13:31:29.063,منتهي,1,348301,1,40115,1386547200
1312000079,2013-12-11 00:00:00.000,2015-12-10 00:00:00.000,1,1,,منتهي,1,355270,1,220928,1386720000
1312000080,2013-12-17 00:00:00.000,2015-06-03 00:00:00.000,2,1,2013-12-17 09:19:23.733,منتهي,1,348301,1,261812,1387238400
1312000081,2013-12-17 00:00:00.000,2015-07-14 00:00:00.000,54,1,2014-01-29 14:01:04.220,منتهي,1,348301,1,327440,1387238400
1312000082,2013-12-17 00:00:00.000,2015-07-14 00:00:00.000,7,1,2013-12-17 09:37:05.603,منتهي,1,348301,1,188541,1387238400
1312000083,2013-12-17 00:00:00.000,2015-07-16 00:00:00.000,2,1,2014-01-12 15:41:27.607,منتهي,1,348301,1,121320,1387238400
1312000084,2013-12-17 00:00:00.000,2015-08-28 00:00:00.000,49,1,2013-12-17 09:46:39.060,منتهي,1,348301,1,1017,1387238400
1312000085,2013-12-17 00:00:00.000,2015-06-28 00:00:00.000,35,4,2015-04-03 00:00:00.923,منتهي,1,348301,1,4533,1387238400
1312000086,2013-12-17 00:00:00.000,2015-10-05 21:00:00.000,28,2,2015-01-03 00:00:00.367,منتهي,1,348291,1,27904,1387238400
1312000087,2013-12-18 14:52:31.000,2015-12-17 14:52:31.000,32,3,2015-12-05 00:00:01.243,منتهي,1,348301,1,6377,1387378351
1312000088,2013-12-19 11:39:57.000,2015-12-18 11:39:57.000,74,1,2013-12-19 11:42:35.663,منتهي,1,348301,1,21876,1387453197
1312000089,2013-12-20 10:51:22.000,2015-12-19 10:51:22.000,1,1,2014-03-04 09:22:06.957,منتهي,1,348301,1,117144,1387536682
1312000090,2013-12-20 10:57:46.000,2015-12-19 10:57:46.000,10,2,2015-01-17 00:00:00.697,منتهي,1,348301,16,3076,1387537066
1312000091,2013-12-20 11:07:56.000,2015-12-19 11:07:56.000,0,1,2013-12-20 11:10:32.727,منتهي,1,348301,1,40115,1387537676
1312000092,2013-12-23 09:39:08.000,2015-12-22 09:39:08.000,12,1,2013-12-23 09:41:42.977,منتهي,1,348301,1,208969,1387791548
1312000093,2013-12-23 10:16:22.000,2015-12-22 10:16:22.000,194,1,2013-12-24 10:51:43.733,منتهي,1,348301,1,1917,1387793782
1312000094,2013-12-23 10:25:45.000,2015-12-22 10:25:45.000,1,1,2014-01-29 14:01:18.677,منتهي,1,348301,1,327440,1387794345
1312000095,2013-12-26 12:04:21.000,2015-12-25 12:04:21.000,19,2,2015-01-07 00:00:00.577,منتهي,1,348301,1,19816,1388059461
1312000096,2013-12-26 12:10:22.000,2015-12-25 12:10:22.000,6,1,,منتهي,1,348301,1,171589,1388059822
1312000097,2013-12-26 12:32:50.000,2015-12-25 12:32:50.000,14,1,,منتهي,1,348301,1,247018,1388061170
1312000098,2013-12-30 00:00:00.000,2014-12-30 00:00:00.000,6,2,2014-12-08 00:00:01.080,منتهي,11,169073,11,84808,1388361600
1312000099,2013-12-30 00:00:00.000,2014-12-30 00:00:00.000,3,1,2013-12-26 17:11:09.133,منتهي,11,169073,11,84808,1388361600
1312000100,2013-12-28 00:00:00.000,2014-12-27 00:00:00.000,54,1,2014-01-12 20:22:40.080,منتهي,11,169073,9,7032,1388188800
1312000101,2013-12-30 00:00:00.000,2014-12-29 00:00:00.000,0,9,2014-12-08 00:00:01.080,منتهي,11,169073,11,51715,1388361600
1312000102,2013-12-30 00:00:00.000,2014-12-29 00:00:00.000,31,5,2014-12-08 00:00:01.080,منتهي,11,169073,10,48339,1388361600
1312000103,2013-12-27 00:00:00.000,2014-12-26 00:00:00.000,16,1,2013-12-27 17:30:12.473,منتهي,11,169073,9,90152,1388102400
1312000104,2013-12-28 00:00:00.000,2014-12-27 00:00:00.000,5,1,2013-12-27 18:22:21.363,منتهي,11,169073,9,114404,1388188800
1312000105,2014-04-15 00:00:00.000,2015-04-14 00:00:00.000,0,8,2014-12-08 00:00:01.080,منتهي,11,169073,11,75978,1397520000
1312000106,2014-04-15 00:00:00.000,2015-04-14 00:00:00.000,17,7,2014-12-08 00:00:01.080,منتهي,11,169073,11,10637,1397520000
1312000107,2014-04-01 00:00:00.000,2015-03-31 00:00:00.000,4,4,2014-12-08 00:00:01.080,منتهي,11,169073,11,169739,1396310400
1312000108,2013-12-29 00:00:00.000,2014-12-28 00:00:00.000,1,2,2014-12-08 00:00:01.080,منتهي,11,169073,11,7849,1388275200
1312000109,2014-05-03 00:00:00.000,2015-04-02 00:00:00.000,2,3,2014-12-08 00:00:01.080,منتهي,11,169073,9,107362,1399075200
1312000110,2013-12-30 00:00:00.000,2014-12-29 00:00:00.000,5,1,2013-12-29 12:54:38.133,منتهي,11,169073,11,118982,1388361600
1312000111,2013-12-30 00:00:00.000,2014-12-29 00:00:00.000,1,1,2013-12-29 13:14:12.400,منتهي,11,169073,11,159931,1388361600
1312000112,2014-02-17 00:00:00.000,2015-02-16 00:00:00.000,1,2,2014-12-08 00:00:01.080,منتهي,11,169073,11,175694,1392595200
1312000113,2014-02-17 00:00:00.000,2015-02-16 00:00:00.000,1,2,2014-12-08 00:00:01.080,منتهي,11,169073,11,158564,1392595200
1312000115,2014-04-15 00:00:00.000,2015-04-14 00:00:00.000,0,3,2014-12-08 00:00:01.080,منتهي,11,169073,11,130766,1397520000
1312000116,2014-02-21 00:00:00.000,2015-02-20 00:00:00.000,31,3,2014-02-22 09:01:17.227,منتهي,11,169073,1,250575,1392940800
1312000117,2013-12-30 10:04:08.000,2015-12-29 10:04:08.000,29,1,2014-01-21 11:58:11.763,منتهي,1,348301,1,123800,1388397848
1312000118,2013-12-30 10:22:26.000,2015-12-29 10:22:26.000,90,1,2013-12-29 12:20:46.320,منتهي,1,348301,1,283515,1388398946
1312000119,2013-12-30 10:23:53.000,2015-12-29 10:23:53.000,1,2,2015-08-26 00:00:00.163,منتهي,1,348301,1,19816,1388399033
1312000120,2013-12-30 10:28:54.000,2015-12-29 10:28:54.000,21,1,2013-12-30 10:31:32.727,منتهي,1,348301,1,31846,1388399334
1312000121,2013-12-30 10:45:19.000,2015-12-29 10:45:19.000,151,1,2013-12-30 10:48:10.127,منتهي,1,348301,1,57247,1388400319
1312000122,2014-04-15 00:00:00.000,2015-04-14 00:00:00.000,0,4,2014-12-08 00:00:01.080,منتهي,11,169073,11,130885,1397520000
1312000123,2014-01-06 00:00:00.000,2015-01-05 00:00:00.000,1,2,2014-12-08 00:00:01.080,منتهي,11,169073,11,88481,1388966400
1312000124,2014-04-24 00:00:00.000,2015-04-23 00:00:00.000,3,3,2014-12-08 00:00:01.080,منتهي,11,169073,9,132307,1398297600
1312000125,2014-01-06 00:00:00.000,2015-01-05 00:00:00.000,5,2,2014-12-08 00:00:01.080,منتهي,11,169073,1,40408,1388966400
1312000126,2014-02-28 00:00:00.000,2015-02-27 00:00:00.000,36,3,2014-12-08 00:00:01.080,منتهي,11,169073,1,218897,1393545600
1401000001,2014-04-15 00:00:00.000,2015-04-14 00:00:00.000,0,8,2014-12-08 00:00:01.080,منتهي,11,169073,11,70312,1397520000
1401000002,2014-01-03 10:30:46.000,2016-01-02 10:30:46.000,1,1,2014-02-05 08:34:19.923,منتهي,1,348301,1,19816,1388745046
1401000003,2014-01-03 10:33:38.000,2016-01-02 10:33:38.000,54,1,2014-01-03 10:36:20.373,منتهي,1,348301,1,21876,1388745218
1401000004,2014-01-03 10:36:04.000,2016-01-02 10:36:04.000,90,1,2014-01-03 10:38:50.543,منتهي,1,348301,1,153814,1388745364
1401000005,2014-01-03 10:39:02.000,2016-01-02 10:39:02.000,4,1,2014-01-03 10:41:39.157,منتهي,1,348301,15,16826,1388745542
1401000006,2014-01-03 10:39:43.000,2016-01-02 10:39:43.000,9,1,2014-01-03 10:42:21.313,منتهي,1,348301,1,1884,1388745583
1401000007,2014-01-03 10:45:29.000,2016-01-02 10:45:29.000,14,1,2014-01-22 14:06:02.920,منتهي,1,348301,9,6334,1388745929
1401000008,2014-01-03 10:49:27.000,2016-01-02 10:49:27.000,11,3,2015-02-04 00:00:00.903,منتهي,1,348301,16,3076,1388746167
1401000009,2014-01-03 10:50:51.000,2016-01-02 10:50:51.000,0,3,2015-01-02 00:00:00.380,منتهي,1,348301,1,40115,1388746251
1401000126,2014-01-06 00:00:00.000,2016-01-06 00:00:00.000,8,1,2014-01-07 07:41:23.517,منتهي,1,355270,1,371910,1388966400
1401000127,2014-04-30 00:00:00.000,2015-04-30 00:00:00.000,14,2,2014-12-08 00:00:01.080,منتهي,11,169073,1,21876,1398816000
1401000128,2014-01-07 00:00:00.000,2016-01-06 00:00:00.000,0,1,2014-01-07 11:55:18.847,منتهي,11,169073,22,33170,1389052800
1401000129,2014-01-07 00:00:00.000,2015-01-06 00:00:00.000,24,1,2014-01-07 12:07:53.490,منتهي,11,169073,1,7850,1389052800
1401000130,2014-01-09 09:36:54.000,2016-01-08 09:36:54.000,2,1,2014-01-09 09:39:34.250,منتهي,1,348301,1,31846,1389260214
1401000131,2014-01-09 09:44:15.000,2016-01-08 09:44:15.000,3,1,2014-01-09 09:46:55.333,منتهي,1,348301,16,3076,1389260655
1401000132,2014-01-09 09:45:00.000,2016-01-08 09:45:00.000,6,1,2014-01-09 09:47:40.707,منتهي,1,348301,1,283515,1389260700
1401000133,2014-01-09 09:46:33.000,2016-01-08 09:46:33.000,10,1,,منتهي,1,348301,1,171589,1389260793
1401000134,2014-01-09 09:47:05.000,2016-01-08 09:47:05.000,44,1,2014-01-09 09:49:54.437,منتهي,1,348301,1,91218,1389260825
1401000135,2014-01-09 09:49:07.000,2016-01-08 09:49:07.000,1,1,2014-01-09 09:51:46.670,منتهي,1,348301,1,217796,1389260947
1401000136,2014-01-09 13:51:48.000,2016-01-08 13:51:48.000,0,1,2014-01-09 13:54:29.447,منتهي,1,348301,1,40115,1389275508
1401000137,2014-01-09 14:09:13.000,2016-01-08 14:09:13.000,1,1,2014-01-09 14:11:54.800,منتهي,1,348301,16,3076,1389276553
1401000138,2014-01-09 14:12:12.000,2016-01-08 14:12:12.000,0,1,2014-01-09 14:14:52.043,منتهي,1,348301,1,40115,1389276732
1401000139,2014-01-09 14:13:41.000,2016-01-08 14:13:41.000,0,1,2014-01-09 14:16:27.743,منتهي,1,348301,1,40115,1389276821
1401000140,2014-01-09 14:17:45.000,2016-01-08 14:17:45.000,22,1,2014-01-09 14:20:27.550,منتهي,1,348301,1,40115,1389277065
1401000141,2014-01-09 14:22:17.000,2016-01-08 14:22:17.000,1,1,2014-01-16 08:58:42.817,منتهي,1,348301,1,232580,1389277337
1401000142,2014-01-10 00:00:00.000,2015-05-10 21:00:00.000,18,2,2015-01-03 00:00:00.367,منتهي,1,348291,25,35323,1389312000
1401000143,2014-01-14 00:00:00.000,2015-01-13 00:00:00.000,1,1,2014-01-14 08:53:51.963,منتهي,11,169073,11,169727,1389657600
1401000144,2014-01-14 13:54:19.000,2016-01-13 13:54:19.000,0,1,2014-01-14 13:57:20.243,منتهي,1,348301,1,40115,1389707659
1401000145,2014-01-14 13:57:26.000,2016-01-13 13:57:26.000,0,1,2014-01-14 14:00:21.917,منتهي,1,348301,1,40115,1389707846
1401000146,2014-01-14 14:04:05.000,2016-01-13 14:04:05.000,6,1,2014-03-01 19:58:37.240,منتهي,1,348301,1,302716,1389708245
1401000147,2014-04-17 00:00:00.000,2015-04-16 00:00:00.000,0,3,2014-12-08 00:00:01.080,منتهي,11,169073,11,74761,1397692800
1401000148,2014-01-15 00:00:00.000,2015-01-14 00:00:00.000,2,1,2014-01-15 09:30:55.343,منتهي,11,169073,11,149168,1389744000
1401000149,2014-01-15 00:00:00.000,2015-01-14 00:00:00.000,1,1,2014-01-15 09:54:18.307,منتهي,11,169073,11,169627,1389744000
1401000150,2014-01-16 00:00:00.000,2016-01-16 00:00:00.000,15,6,2015-09-08 00:00:00.960,منتهي,1,355270,1,335311,1389830400
1401000152,2014-01-16 00:00:00.000,2016-01-16 00:00:00.000,16,1,2014-01-26 13:17:18.603,منتهي,1,355270,1,14046,1389830400
1401000153,2014-01-16 00:00:00.000,2016-01-16 00:00:00.000,7,5,2015-02-10 00:00:00.870,منتهي,1,355270,9,174948,1389830400
1401000154,2014-03-19 00:00:00.000,2016-03-19 00:00:00.000,0,4,2014-12-26 00:00:00.787,منتهي,1,355270,1,6645,1395187200
1401000156,2014-01-17 00:00:00.000,2016-01-17 00:00:00.000,0,5,2014-12-27 00:00:00.360,منتهي,1,355270,9,143150,1389916800
1401000157,2014-01-17 00:00:00.000,2016-01-17 00:00:00.000,0,2,2014-12-08 00:00:01.080,منتهي,1,355270,9,49793,1389916800
1401000158,2014-01-17 00:00:00.000,2016-01-17 00:00:00.000,0,7,2015-03-25 00:00:00.923,منتهي,1,355270,1,245750,1389916800
1401000159,2014-01-17 00:00:00.000,2016-01-17 00:00:00.000,120,8,2015-06-02 00:00:01.437,منتهي,1,355270,3,104279,1389916800
1401000160,2014-01-17 13:37:59.000,2016-01-16 13:37:59.000,3,1,2014-01-17 13:40:41.600,منتهي,1,348301,1,21876,1389965879
1401000161,2014-01-17 13:38:25.000,2016-01-16 13:38:25.000,34,1,2014-01-17 13:41:14.723,منتهي,1,348301,1,208969,1389965905
1401000162,2014-01-17 13:41:59.000,2016-01-16 13:41:59.000,14,3,2015-08-11 00:00:00.463,منتهي,1,348301,1,1884,1389966119
1401000163,2014-01-17 00:00:00.000,2016-01-17 00:00:00.000,374,1,2014-03-09 17:07:40.457,منتهي,1,355270,9,126918,1389916800
1401000164,2014-01-17 13:46:31.000,2016-01-16 13:46:31.000,214,1,,منتهي,1,348301,1,1917,1389966391
1401000165,2014-01-17 13:49:13.000,2016-01-16 13:49:13.000,1,1,2014-01-17 13:51:55.647,منتهي,1,348301,1,1017,1389966553
1401000166,2014-01-17 13:50:58.000,2016-01-16 13:50:58.000,0,1,2014-01-17 13:53:40.287,منتهي,1,348301,1,40115,1389966658
1401000167,2014-01-17 13:51:22.000,2016-01-16 13:51:22.000,46,1,2014-02-05 08:34:30.530,منتهي,1,348301,1,19816,1389966682
1401000168,2014-01-17 13:53:53.000,2016-01-16 13:53:53.000,1,1,2014-01-17 13:56:35.627,منتهي,1,348301,1,31846,1389966833
1401000169,2014-01-17 13:58:21.000,2016-01-16 13:58:21.000,6,1,2014-01-17 14:01:04.977,منتهي,1,348301,1,283515,1389967101
1401000170,2014-01-17 14:05:50.000,2016-01-16 14:05:50.000,0,1,2014-01-17 14:08:33.917,منتهي,1,348301,1,40115,1389967550
1401000171,2014-01-17 14:07:43.000,2016-01-16 14:07:43.000,53,9,2015-12-05 00:00:01.243,منتهي,1,348301,1,6377,1389967663
1401000172,2014-01-17 14:09:56.000,2016-01-16 14:09:56.000,1,1,2014-01-17 14:12:38.267,منتهي,1,348301,1,4533,1389967796
1401000173,2014-01-17 14:12:08.000,2016-01-16 14:12:08.000,0,1,2014-01-17 14:14:52.687,منتهي,1,348301,1,167143,1389967928
1401000174,2014-01-17 14:13:04.000,2016-01-16 14:13:04.000,1,1,2014-01-17 14:15:46.950,منتهي,1,348301,1,4533,1389967984
1401000175,2014-01-17 14:16:42.000,2016-01-16 14:16:42.000,16,1,2014-01-17 14:19:26.430,منتهي,1,348301,1,153814,1389968202
1401000176,2014-01-17 14:19:00.000,2016-01-16 14:19:00.000,24,1,2014-01-17 14:21:45.067,منتهي,1,348301,1,7850,1389968340
1401000177,2014-01-17 14:20:40.000,2016-01-16 14:20:40.000,0,2,2015-03-27 00:00:01.103,منتهي,1,348301,1,57247,1389968440
1401000178,2014-01-17 14:21:31.000,2016-01-16 14:21:31.000,0,1,2014-01-17 14:24:23.983,منتهي,1,348301,1,98769,1389968491
1401000179,2014-01-21 00:00:00.000,2015-07-21 00:00:00.000,3,1,2014-01-21 12:13:24.863,منتهي,1,348291,1,7313,1390262400
1401000180,2014-01-21 00:00:00.000,2015-07-15 21:00:00.000,36,2,2015-01-03 00:00:00.367,منتهي,1,348291,1,181543,1390262400
1401000181,2014-01-21 00:00:00.000,2015-08-24 21:00:00.000,113,2,2015-01-03 00:00:00.367,منتهي,1,348291,6,13443,1390262400
1401000182,2014-01-21 00:00:00.000,2015-09-05 00:00:00.000,162,1,2014-01-21 16:05:27.897,منتهي,1,348291,6,13443,1390262400
1401000183,2014-01-21 00:00:00.000,2015-10-21 21:00:00.000,47,2,2015-01-03 00:00:00.367,منتهي,1,348291,6,13443,1390262400
1401000184,2014-01-21 00:00:00.000,2015-10-26 21:00:00.000,132,2,2015-01-03 00:00:00.367,منتهي,1,348291,6,13443,1390262400
1401000185,2014-01-22 00:00:00.000,2015-08-28 21:00:00.000,0,2,2015-01-03 00:00:00.367,منتهي,1,348291,6,9933,1390348800
1401000186,2014-01-22 00:00:00.000,2015-11-07 00:00:00.000,0,1,2014-01-22 10:12:16.073,منتهي,1,348291,6,9933,1390348800
1401000187,2014-01-22 00:00:00.000,2015-05-27 21:00:00.000,8,2,2015-01-03 00:00:00.367,منتهي,1,348291,9,84823,1390348800
1401000188,2014-01-22 00:00:00.000,2015-09-23 21:00:00.000,11,2,2015-01-03 00:00:00.367,منتهي,1,348291,9,84823,1390348800
1401000189,2014-01-23 00:00:00.000,2015-04-23 21:00:00.000,21,2,2015-01-03 00:00:00.367,منتهي,1,348291,9,154909,1390435200
1401000190,2014-01-29 00:00:00.000,2016-01-29 00:00:00.000,35,6,2014-12-27 00:00:00.360,منتهي,1,355270,9,50891,1390953600
1401000191,2014-01-29 00:00:00.000,2016-01-29 00:00:00.000,0,4,2015-03-19 00:00:01.050,منتهي,1,355270,1,61038,1390953600
1401000192,2014-01-29 00:00:00.000,2016-01-29 00:00:00.000,34,5,2015-03-24 00:00:02.120,منتهي,1,355270,1,335311,1390953600
1401000193,2014-01-30 00:00:00.000,2015-07-02 00:00:00.000,232,1,2014-01-30 15:38:54.693,منتهي,1,348291,1,4021,1391040000
1401000194,2014-01-30 00:00:00.000,2015-03-11 00:00:00.000,1,1,2014-01-30 10:53:16.980,منتهي,1,348291,1,11299,1391040000
1401000195,2014-01-30 14:23:07.000,2016-01-29 14:23:07.000,20,1,2014-02-10 09:04:05.787,منتهي,1,348301,1,308768,1391091787
1401000196,2014-01-31 00:00:00.000,2015-06-11 21:00:00.000,5,2,2015-01-03 00:00:00.367,منتهي,1,348291,1,324757,1391126400
1401000197,2014-01-31 00:00:00.000,2015-11-11 00:00:00.000,1,1,2014-01-31 10:46:13.930,منتهي,1,348291,1,324757,1391126400
1401000198,2014-01-31 00:00:00.000,2015-05-07 00:00:00.000,1,1,2014-01-31 11:28:58.320,منتهي,1,348291,1,92300,1391126400
1401000199,2014-01-31 00:00:00.000,2015-02-17 00:00:00.000,2,1,2014-01-31 11:31:19.193,منتهي,1,348291,1,22481,1391126400
1401000200,2014-01-31 00:00:00.000,2015-04-20 00:00:00.000,1,1,2014-01-31 11:37:13.110,منتهي,1,348291,1,8640,1391126400
1401000201,2014-01-31 00:00:00.000,2015-07-27 21:00:00.000,1,2,2014-12-30 00:00:00.173,منتهي,1,348291,11,116777,1391126400
1401000202,2014-01-31 00:00:00.000,2015-11-04 21:00:00.000,4,2,2015-01-03 00:00:00.367,منتهي,1,348291,1,92300,1391126400
1401000203,2014-01-31 00:00:00.000,2015-07-07 21:00:00.000,5,2,2015-01-03 00:00:00.367,منتهي,1,348291,1,27904,1391126400
1401000204,2014-01-31 00:00:00.000,2015-07-31 00:00:00.000,172,1,2014-01-31 11:53:42.723,منتهي,1,348291,15,7616,1391126400
1401000205,2014-01-31 00:00:00.000,2015-01-07 21:00:00.000,35,2,2014-12-08 00:00:01.080,منتهي,1,348291,1,107358,1391126400
1401000206,2014-01-31 00:00:00.000,2015-09-24 21:00:00.000,15,2,2014-12-08 00:00:01.080,منتهي,1,348291,1,107358,1391126400
1401000207,2015-01-02 00:00:00.000,2015-07-27 21:00:00.000,42,5,2015-01-03 00:00:00.367,منتهي,1,348291,1,59695,1420156800
1401000208,2014-01-31 00:00:00.000,2015-05-27 00:00:00.000,165,1,2014-01-31 13:22:35.123,منتهي,1,348291,13,85136,1391126400
1401000209,2014-01-31 00:00:00.000,2015-05-26 18:00:00.000,174,3,2015-05-06 00:00:01.310,منتهي,1,348291,13,85136,1391126400
1401000210,2014-01-31 00:00:00.000,2015-06-30 00:00:00.000,12,1,2014-01-31 15:21:12.737,منتهي,1,348291,27,40523,1391126400
1401000211,2014-01-31 21:00:00.000,2015-09-03 00:00:00.000,441,2,2014-12-20 00:00:00.607,منتهي,1,348291,15,968,1391202000
1402000002,2014-02-07 00:00:00.000,2015-07-31 21:00:00.000,0,2,2015-01-03 00:00:00.367,منتهي,1,348291,9,7956,1391731200
1402000003,2014-02-07 00:00:00.000,2015-05-18 21:00:00.000,64,2,2014-12-20 00:00:00.607,منتهي,1,348291,1,282827,1391731200
1402000004,2014-02-07 00:00:00.000,2015-05-27 00:00:00.000,29,1,2014-02-07 10:26:38.257,منتهي,1,348291,9,74339,1391731200
1402000005,2014-02-07 00:00:00.000,2015-05-27 00:00:00.000,61,1,2014-02-07 10:32:39.013,منتهي,1,348291,9,107357,1391731200
1402000006,2014-02-07 00:00:00.000,2015-05-27 00:00:00.000,154,1,2014-02-07 10:36:30.540,منتهي,1,348291,9,41638,1391731200
1402000007,2014-02-07 00:00:00.000,2015-05-27 00:00:00.000,121,1,2014-02-07 10:43:48.980,منتهي,1,348291,9,41538,1391731200
1402000008,2014-02-07 00:00:00.000,2015-06-11 00:00:00.000,124,1,2014-02-07 11:05:49.290,منتهي,1,348291,1,72826,1391731200
1402000009,2014-02-07 11:09:07.000,2016-02-06 11:09:07.000,12,1,2014-02-07 11:12:34.920,منتهي,1,348301,1,21876,1391771347
1402000010,2014-02-07 00:00:00.000,2015-06-22 21:00:00.000,25,2,2015-01-03 00:00:00.367,منتهي,1,348291,9,84083,1391731200
1402000011,2014-02-07 00:00:00.000,2015-06-22 21:00:00.000,105,2,2015-01-03 00:00:00.367,منتهي,1,348291,9,84156,1391731200
1402000012,2014-02-07 00:00:00.000,2015-06-22 21:00:00.000,27,2,2015-01-03 00:00:00.367,منتهي,1,348291,9,84052,1391731200
1402000013,2014-02-07 00:00:00.000,2015-06-22 21:00:00.000,47,2,2015-01-03 00:00:00.367,منتهي,1,348291,9,83888,1391731200
1402000014,2014-02-07 11:42:53.000,2016-02-06 11:42:53.000,1,1,2014-02-07 11:46:19.303,منتهي,1,348301,1,7850,1391773373
1402000015,2014-02-07 11:43:37.000,2016-02-06 11:43:37.000,0,1,2014-02-07 11:47:04.427,منتهي,1,348301,1,40115,1391773417
1402000016,2014-02-07 11:46:52.000,2016-02-06 11:46:52.000,11,1,2014-02-07 11:50:22.003,منتهي,1,348301,9,6334,1391773612
1402000017,2014-02-07 11:48:02.000,2016-02-06 11:48:02.000,6,2,2015-02-18 00:00:00.310,منتهي,1,348301,1,4533,1391773682
1402000018,2014-02-07 11:57:20.000,2016-02-06 11:57:20.000,12,1,2014-02-07 12:00:48.820,منتهي,1,348301,1,1017,1391774240
1402000019,2014-02-07 11:57:46.000,2016-02-06 11:57:46.000,0,1,2014-02-07 12:01:12.803,منتهي,1,348301,1,98769,1391774266
1402000020,2014-02-07 11:58:04.000,2016-02-06 11:58:04.000,13,1,2014-02-13 12:57:19.563,منتهي,1,348301,1,19816,1391774284
1402000021,2014-02-07 12:00:24.000,2016-02-06 12:00:24.000,24,5,2015-03-19 00:00:01.050,منتهي,1,348301,16,3076,1391774424
1402000022,2014-02-07 12:03:26.000,2016-02-06 12:03:26.000,5,1,2014-02-07 12:06:54.153,منتهي,1,348301,1,283515,1391774606
1402000023,2014-02-07 12:04:54.000,2016-02-06 12:04:54.000,0,1,2014-02-07 12:08:27.463,منتهي,1,348301,1,40115,1391774694
1402000024,2014-02-07 12:05:59.000,2016-02-06 12:05:59.000,7,1,2014-02-07 12:09:26.980,منتهي,1,348301,1,176679,1391774759
1402000025,2014-02-07 12:06:47.000,2016-02-06 12:06:47.000,84,1,2014-02-16 14:03:30.580,منتهي,1,348301,1,327440,1391774807
1402000026,2014-02-07 00:00:00.000,2015-05-27 00:00:00.000,88,1,2014-02-07 12:11:15.207,منتهي,1,348291,9,41538,1391731200
1402000027,2014-02-07 12:09:35.000,2016-02-06 12:09:35.000,13,4,2015-12-05 00:00:01.243,منتهي,1,348301,1,6377,1391774975
1402000028,2014-02-07 12:10:01.000,2016-02-06 12:10:01.000,1,1,2014-02-07 12:13:27.223,منتهي,1,348301,1,234451,1391775001
1402000029,2014-02-07 00:00:00.000,2015-10-28 00:00:00.000,26,1,2014-02-16 19:22:00.627,منتهي,1,348291,9,127190,1391731200
1402000030,2014-02-07 00:00:00.000,2015-08-31 21:00:00.000,47,2,2015-01-03 00:00:00.367,منتهي,1,348291,4,90870,1391731200
1402000031,2014-02-07 00:00:00.000,2015-10-07 21:00:00.000,0,2,2015-01-03 00:00:00.367,منتهي,1,348291,1,91795,1391731200
1402000032,2014-02-07 13:14:00.000,2016-02-06 13:14:00.000,0,1,2014-02-07 13:17:29.527,منتهي,1,348301,1,40115,1391778840
1402000033,2014-02-07 00:00:00.000,2015-06-02 21:00:00.000,34,2,2015-01-03 00:00:00.367,منتهي,1,348291,1,223020,1391731200
1402000034,2014-02-07 00:00:00.000,2015-07-29 21:00:00.000,24,2,2015-01-03 00:00:00.367,منتهي,1,348291,1,163049,1391731200
1402000035,2014-02-07 00:00:00.000,2015-02-14 00:00:00.000,14,1,2014-02-07 13:42:14.630,منتهي,11,169073,11,179766,1391731200
1402000036,2014-02-07 00:00:00.000,2015-05-04 21:00:00.000,22,2,2015-01-03 00:00:00.367,منتهي,1,348291,1,118063,1391731200
1402000037,2014-02-07 00:00:00.000,2015-05-15 00:00:00.000,29,1,2014-02-07 14:23:33.130,منتهي,1,348291,1,276675,1391731200
1402000038,2014-02-07 00:00:00.000,2015-06-02 00:00:00.000,27,1,2014-02-07 14:27:48.310,منتهي,1,348291,11,131426,1391731200
1402000039,2014-02-07 00:00:00.000,2015-11-08 21:00:00.000,20,2,2015-01-03 00:00:00.367,منتهي,1,348291,1,321813,1391731200
1402000040,2014-02-07 00:00:00.000,2015-03-17 21:00:00.000,16,2,2015-01-03 00:00:00.367,منتهي,1,348291,1,98769,1391731200
1402000041,2014-02-07 14:53:57.000,2016-02-06 14:53:57.000,3,1,2014-02-07 14:57:25.923,منتهي,1,348301,1,208969,1391784837
1402000042,2014-02-07 00:00:00.000,2015-05-21 21:00:00.000,17,3,2015-04-01 00:00:01.367,منتهي,1,348291,9,49793,1391731200
1402000043,2014-08-11 00:00:00.000,2016-06-19 00:00:00.000,29,8,2014-12-08 00:00:01.080,منتهي,4,102803,15,54,1407715200
1402000044,2014-07-24 00:00:00.000,2014-08-20 00:00:00.000,3,2,2014-12-08 00:00:01.080,منتهي,4,102803,15,30375,1406160000
1402000045,2014-02-11 11:41:20.000,2016-02-10 11:41:20.000,33,1,2014-02-11 11:45:11.480,منتهي,1,348301,1,59665,1392118880
1402000046,2014-02-11 11:42:01.000,2016-02-10 11:42:01.000,82,1,2014-02-11 11:46:02.283,منتهي,1,348301,1,59665,1392118921
1402000047,2014-02-11 11:43:04.000,2016-02-10 11:43:04.000,35,1,2014-02-11 11:46:52.927,منتهي,1,348301,1,59665,1392118984
1402000048,2014-02-11 00:00:00.000,2016-02-11 00:00:00.000,39,1,2014-03-09 17:07:52.483,منتهي,1,355270,9,126918,1392076800
1402000049,2014-02-11 00:00:00.000,2016-02-11 00:00:00.000,5,1,2014-02-25 13:09:51.010,منتهي,1,355270,9,174948,1392076800
1402000051,2014-02-11 00:00:00.000,2016-02-11 00:00:00.000,0,1,2014-02-25 11:23:56.877,منتهي,1,355270,9,49793,1392076800
1402000052,2014-02-11 00:00:00.000,2016-02-11 00:00:00.000,172,1,2014-02-25 10:52:26.243,منتهي,1,355270,1,61038,1392076800
1402000053,2014-02-11 00:00:00.000,2016-02-11 00:00:00.000,2,1,2014-02-18 15:53:54.887,منتهي,1,355270,9,50891,1392076800
1402000054,2014-02-11 00:00:00.000,2016-02-11 00:00:00.000,0,2,2014-12-08 00:00:01.080,منتهي,1,355270,1,60034,1392076800
1402000055,2014-02-11 00:00:00.000,2016-02-11 00:00:00.000,4,1,2014-02-16 14:23:57.790,منتهي,1,355270,1,305177,1392076800
1402000058,2014-02-12 00:00:00.000,2016-02-12 00:00:00.000,3,2,2014-12-26 00:00:00.787,منتهي,1,355270,1,220928,1392163200
1402000059,2014-02-12 00:00:00.000,2016-02-12 00:00:00.000,2,2,2014-12-26 00:00:00.787,منتهي,1,355270,1,377,1392163200
1402000060,2014-02-12 00:00:00.000,2016-02-12 00:00:00.000,10,1,2014-02-16 09:37:39.267,منتهي,1,355270,3,50315,1392163200
1402000061,2014-02-13 00:00:00.000,2019-06-16 00:00:00.000,3,1,2014-02-13 09:17:45.107,منتهي,4,102803,4,93314,1392249600
1402000062,2014-04-16 00:00:00.000,2016-10-01 00:00:00.000,151,6,2014-12-08 00:00:01.080,منتهي,4,102803,15,28562,1397606400
1402000123,2014-03-10 00:00:00.000,2015-03-09 00:00:00.000,2,3,2014-12-08 00:00:01.080,منتهي,11,169073,11,133563,1394409600
1402000124,2014-02-16 00:00:00.000,2015-02-24 00:00:00.000,1,1,2014-02-16 15:11:37.623,منتهي,11,169073,22,42640,1392508800
1402000125,2014-02-16 00:00:00.000,2015-02-24 00:00:00.000,4,1,2014-02-16 15:29:23.383,منتهي,11,169073,11,162661,1392508800
1402000126,2014-02-26 00:00:00.000,2015-02-25 00:00:00.000,2,2,2014-12-08 00:00:01.080,منتهي,11,169073,18,42219,1393372800
1402000127,2014-03-21 00:00:00.000,2015-03-20 00:00:00.000,3,2,2014-12-08 00:00:01.080,منتهي,11,169073,11,107647,1395360000
1402000128,2014-09-01 00:00:00.000,2015-10-27 00:00:00.000,50,10,2014-12-08 00:00:01.080,منتهي,4,102803,15,21,1409529600
1402000130,2014-04-15 00:00:00.000,2015-04-14 00:00:00.000,4,5,2014-12-08 00:00:01.080,منتهي,11,169073,1,46429,1397520000
1402000131,2014-03-17 00:00:00.000,2015-03-16 00:00:00.000,3,2,2014-12-08 00:00:01.080,منتهي,11,169073,11,138484,1395014400
1402000132,2014-04-24 00:00:00.000,2015-04-23 00:00:00.000,4,3,2014-12-08 00:00:01.080,منتهي,11,169073,11,176859,1398297600
1402000133,2014-02-20 13:11:05.000,2016-02-19 13:11:05.000,3,1,2014-02-25 12:16:21.050,منتهي,1,348301,1,19816,1392901865
1402000134,2014-02-20 00:00:00.000,2015-02-19 00:00:00.000,1,7,2014-12-08 00:00:01.080,منتهي,11,169073,11,3290,1392854400
1402000135,2014-02-20 00:00:00.000,2016-02-20 00:00:00.000,12,8,2016-01-09 00:00:00.717,منتهي,1,355270,1,371910,1392854400
1402000136,2014-02-20 00:00:00.000,2016-02-20 00:00:00.000,0,1,2014-02-20 15:48:52.787,منتهي,1,355270,1,60034,1392854400
1402000137,2014-02-20 00:00:00.000,2016-02-20 00:00:00.000,177,4,2015-03-14 00:00:01.050,منتهي,1,355270,1,21876,1392854400
1402000138,2014-02-20 00:00:00.000,2016-02-20 00:00:00.000,0,2,2014-12-18 00:00:01.067,منتهي,1,355270,1,245750,1392854400
1402000140,2014-04-04 00:00:00.000,2015-04-03 00:00:00.000,0,7,2014-12-08 00:00:01.080,منتهي,11,169073,11,174026,1396569600
1402000142,2014-06-08 00:00:00.000,2015-02-19 00:00:00.000,14,5,2014-12-08 00:00:01.080,منتهي,11,169073,13,74754,1402185600
1402000143,2014-02-24 00:00:00.000,2015-02-23 00:00:00.000,21,2,2014-06-18 15:10:42.633,منتهي,11,169073,9,5131,1393200000
1402000144,2014-02-24 00:00:00.000,2015-02-23 00:00:00.000,3,1,2014-02-24 13:23:03.023,منتهي,11,169073,9,176813,1393200000
1402000145,2014-04-13 00:00:00.000,2015-02-23 00:00:00.000,2,2,2014-07-10 14:31:05.630,منتهي,11,169073,9,520,1397347200
1402000146,2014-02-24 00:00:00.000,2015-02-23 00:00:00.000,6,1,2014-02-24 14:01:24.257,منتهي,11,169073,9,158716,1393200000
1402000147,2014-04-13 00:00:00.000,2015-02-23 00:00:00.000,1,3,2014-12-08 00:00:01.080,منتهي,11,169073,12,103983,1397347200
1402000148,2014-02-24 00:00:00.000,2015-05-28 00:00:00.000,3,1,2014-02-24 17:32:10.190,منتهي,1,348291,1,116634,1393200000
1402000149,2014-04-10 00:00:00.000,2015-04-09 00:00:00.000,2,4,2014-12-08 00:00:01.080,منتهي,11,169073,11,79244,1397088000
1402000150,2014-04-24 00:00:00.000,2015-04-23 00:00:00.000,2,3,2014-12-08 00:00:01.080,منتهي,11,169073,11,171181,1398297600
1402000151,2014-08-20 00:00:00.000,2015-02-25 00:00:00.000,4,5,2014-12-08 00:00:01.080,منتهي,11,169073,9,172481,1408492800
1402000152,2014-02-26 00:00:00.000,2016-02-25 00:00:00.000,0,1,2014-03-09 11:51:20.017,منتهي,11,169073,13,74754,1393372800
1402000153,2014-02-27 10:16:49.000,2016-02-26 10:16:49.000,44,1,2014-02-27 10:20:52.767,منتهي,1,348301,1,59665,1393496209
1402000154,2014-02-27 10:22:51.000,2016-02-26 10:22:51.000,25,1,2014-02-27 10:26:37.757,منتهي,1,348301,16,3076,1393496571
1402000155,2014-02-27 00:00:00.000,2015-02-26 00:00:00.000,9,1,2014-02-27 10:37:34.067,منتهي,11,169073,11,15915,1393459200
1402000156,2014-02-27 13:15:45.000,2016-02-26 13:15:45.000,0,1,2014-02-27 13:19:30.590,منتهي,1,348301,1,167143,1393506945
1402000157,2014-02-27 00:00:00.000,2015-08-25 00:00:00.000,4,1,2014-02-27 15:42:50.190,منتهي,1,348291,6,13443,1393459200
1402000158,2014-03-01 00:00:00.000,2017-12-30 21:00:00.000,4,3,2016-03-24 00:00:00.790,فعال,1,348291,15,939,1393632000
1402000159,2014-02-28 00:00:00.000,2015-02-27 00:00:00.000,6,1,2014-02-28 09:41:13.237,منتهي,11,169073,9,56203,1393545600
1402000160,2014-03-01 00:00:00.000,2015-10-22 00:00:00.000,9,1,2014-02-28 09:43:04.870,منتهي,1,348291,6,13443,1393632000
1402000161,2014-05-03 00:00:00.000,2015-04-02 00:00:00.000,2,2,2014-12-08 00:00:01.080,منتهي,11,169073,10,45593,1399075200
1402000162,2014-03-01 00:00:00.000,2015-10-28 00:00:00.000,1,1,2014-02-28 09:46:56.080,منتهي,1,348291,10,100722,1393632000
1402000163,2014-03-01 00:00:00.000,2015-10-10 00:00:00.000,4,1,2014-02-28 09:49:57.667,منتهي,1,348291,1,364286,1393632000
1402000164,2014-04-09 00:00:00.000,2015-04-08 00:00:00.000,6,4,2014-12-08 00:00:01.080,منتهي,11,169073,9,172481,1397001600
1402000165,2014-03-01 00:00:00.000,2015-10-09 21:00:00.000,5,2,2015-07-28 00:00:00.690,منتهي,1,348291,4,46193,1393632000
1402000166,2014-04-09 00:00:00.000,2016-02-28 00:00:00.000,16,3,2014-12-08 00:00:01.080,منتهي,4,102803,15,16723,1397001600
1402000167,2014-05-27 00:00:00.000,2016-02-28 00:00:00.000,11,4,2014-12-08 00:00:01.080,منتهي,4,102803,15,10768,1401148800
1402000168,2014-04-01 00:00:00.000,2015-10-23 00:00:00.000,1,1,2014-02-28 10:07:22.487,منتهي,1,348291,1,366745,1396310400
1402000169,2014-04-01 00:00:00.000,2015-10-01 00:00:00.000,1,1,2014-02-28 10:10:11.057,منتهي,1,348291,1,321855,1396310400
1402000170,2014-04-01 00:00:00.000,2015-10-22 00:00:00.000,2,1,2014-02-28 10:12:57.067,منتهي,1,348291,9,116262,1396310400
1402000171,2014-08-14 00:00:00.000,2016-02-28 00:00:00.000,10,3,2014-12-08 00:00:01.080,منتهي,4,102803,15,10776,1407974400
1402000172,2014-04-01 00:00:00.000,2017-08-06 21:00:00.000,3,2,2015-03-14 00:00:01.050,منتهي,1,348291,1,214457,1396310400
1402000173,2014-03-01 00:00:00.000,2015-09-26 00:00:00.000,8,1,2014-02-28 10:53:14.037,منتهي,1,348291,1,330991,1393632000
1402000174,2014-03-01 00:00:00.000,2015-11-05 00:00:00.000,18,1,2014-02-28 10:55:49.877,منتهي,1,348291,1,265881,1393632000
1402000175,2014-03-01 00:00:00.000,2015-09-05 00:00:00.000,1,1,2014-02-28 11:07:32.473,منتهي,1,348291,6,13443,1393632000
1402000176,2014-03-01 00:00:00.000,2015-08-20 00:00:00.000,0,1,2014-02-28 11:11:50.587,منتهي,1,348291,1,211277,1393632000
1402000177,2014-03-01 00:00:00.000,2014-04-09 00:00:00.000,1,1,2014-02-28 12:07:22.913,منتهي,1,348291,1,227470,1393632000
1402000178,2014-04-01 00:00:00.000,2014-11-09 00:00:00.000,6,1,2014-02-28 12:20:35.897,منتهي,1,348291,1,310875,1396310400
1402000179,2014-02-28 00:00:00.000,2016-02-28 00:00:00.000,25,1,2014-02-28 12:28:00.413,منتهي,4,102803,4,51401,1393545600
1402000180,2014-03-01 00:00:00.000,2014-10-03 00:00:00.000,5,1,2014-02-28 12:33:27.337,منتهي,1,348291,15,937,1393632000
1402000181,2014-03-01 00:00:00.000,2015-06-05 00:00:00.000,3,1,2014-02-28 12:44:12.563,منتهي,1,348291,10,100722,1393632000
1402000182,2014-03-01 00:00:00.000,2015-06-16 21:00:00.000,6,2,2015-03-25 00:00:00.923,منتهي,1,348291,1,340506,1393632000
1402000183,2014-02-28 00:00:00.000,2016-02-28 00:00:00.000,1,7,2015-06-19 00:00:02.287,منتهي,1,355270,3,104279,1393545600
1402000184,2014-02-28 00:00:00.000,2016-02-28 00:00:00.000,2,2,2014-11-16 13:28:26.447,منتهي,1,355270,1,371910,1393545600
1402000185,2014-03-27 00:00:00.000,2016-02-28 00:00:00.000,100,5,2014-12-19 00:00:00.600,منتهي,1,355270,9,7712,1395878400
1402000186,2014-03-20 00:00:00.000,2016-02-28 00:00:00.000,152,6,2014-12-19 00:00:00.600,منتهي,1,355270,9,7712,1395273600
1403000001,2014-04-25 00:00:00.000,2015-04-24 00:00:00.000,1,6,2014-06-01 18:32:03.397,منتهي,11,169073,11,179766,1398384000
1403000002,2014-03-03 15:31:08.000,2016-03-02 15:31:08.000,1,1,2014-03-03 15:34:09.600,منتهي,1,348301,1,59665,1393860668
1403000165,2014-03-04 00:00:00.000,2015-03-03 00:00:00.000,3,1,2014-03-04 10:22:27.387,منتهي,11,169073,11,83081,1393891200
1403000166,2014-03-04 11:01:13.000,2016-03-03 11:01:13.000,1,1,2014-03-04 11:04:27.653,منتهي,1,348301,1,40115,1393930873
1403000167,2015-08-20 15:17:27.000,2017-08-19 15:17:27.000,30,6,2015-08-21 00:00:00.380,منتهي,1,348301,1,1884,1440083847
1403000168,2014-03-04 11:10:06.000,2016-03-03 11:10:06.000,4,1,2014-03-04 11:13:07.593,منتهي,1,348301,1,208969,1393931406
1403000169,2014-03-04 11:13:50.000,2016-03-03 11:13:50.000,34,1,2014-03-04 11:16:57.063,منتهي,1,348301,15,16826,1393931630
1403000170,2014-03-04 11:16:41.000,2016-03-03 11:16:41.000,8,1,2014-03-04 11:19:43.267,منتهي,1,348301,1,31846,1393931801
1403000171,2014-03-04 11:19:09.000,2016-03-03 11:19:09.000,2,1,2014-03-04 11:22:10.937,منتهي,1,348301,1,21876,1393931949
1403000172,2014-03-04 11:20:59.000,2016-03-03 11:20:59.000,30,1,2014-03-04 11:24:05.390,منتهي,1,348301,1,232580,1393932059
1403000173,2014-03-04 11:22:54.000,2016-03-03 11:22:54.000,3,1,2014-03-04 11:25:55.220,منتهي,1,348301,1,133557,1393932174
1403000174,2014-03-04 11:26:21.000,2016-03-03 11:26:21.000,49,1,2014-03-04 11:29:30.923,منتهي,1,348301,1,153814,1393932381
1403000175,2014-03-04 11:27:06.000,2016-03-03 11:27:06.000,1,1,2014-03-04 11:30:07.580,منتهي,1,348301,9,6334,1393932426
1403000176,2014-03-04 11:30:35.000,2016-03-03 11:30:35.000,0,1,2014-03-04 11:33:53.420,منتهي,1,348301,1,40115,1393932635
1403000177,2014-03-04 11:35:49.000,2016-03-03 11:35:49.000,0,1,2014-03-04 11:39:44.057,منتهي,1,348301,1,40115,1393932949
1403000178,2014-03-04 15:17:30.000,2016-03-03 15:17:30.000,0,1,2014-03-04 15:21:02.513,منتهي,1,348301,1,40115,1393946250
1403000179,2014-03-05 11:53:59.000,2016-03-04 11:53:59.000,2,1,2014-03-05 11:57:04.500,منتهي,1,348301,1,21876,1394020439
1403000180,2014-03-05 00:00:00.000,2016-03-05 00:00:00.000,1,1,2014-03-05 11:59:01.880,منتهي,1,355270,1,181923,1393977600
1403000181,2014-03-05 00:00:00.000,2016-03-05 00:00:00.000,1,1,2014-03-05 12:14:05.917,منتهي,1,355270,12,127646,1393977600
1403000182,2014-03-05 00:00:00.000,2016-03-05 00:00:00.000,1,1,2014-03-05 12:25:54.197,منتهي,1,355270,1,171399,1393977600
1403000183,2014-03-05 00:00:00.000,2016-03-05 00:00:00.000,1,1,2014-03-05 12:28:37.523,منتهي,1,355270,12,84087,1393977600
1403000184,2014-03-05 00:00:00.000,2016-03-05 00:00:00.000,1,1,2014-03-05 12:31:42.817,منتهي,1,355270,12,100111,1393977600
1403000185,2014-03-05 00:00:00.000,2016-03-05 00:00:00.000,1,1,2014-03-05 12:35:07.343,منتهي,1,355270,11,129084,1393977600
1403000186,2014-03-05 00:00:00.000,2016-03-05 00:00:00.000,1,1,2014-03-05 12:41:27.417,منتهي,1,355270,11,129184,1393977600
1403000187,2014-03-05 00:00:00.000,2016-03-05 00:00:00.000,1,1,2014-03-05 12:43:50.787,منتهي,1,355270,11,129189,1393977600
1403000188,2014-03-05 00:00:00.000,2016-03-05 00:00:00.000,1,1,2014-03-05 12:47:44.877,منتهي,1,355270,11,129233,1393977600
1403000189,2014-03-05 00:00:00.000,2016-03-05 00:00:00.000,1,1,2014-03-05 12:49:01.530,منتهي,1,355270,1,299924,1393977600
1403000190,2014-03-05 12:49:41.000,2016-03-04 12:49:41.000,26,1,2014-03-05 12:52:49.037,منتهي,1,348301,16,3076,1394023781
1403000191,2014-03-05 00:00:00.000,2016-03-05 00:00:00.000,1,1,2014-03-05 12:56:16.600,منتهي,1,355270,11,130480,1393977600
1403000192,2014-03-05 00:00:00.000,2016-03-05 00:00:00.000,1,1,2014-03-05 13:14:13.287,منتهي,1,355270,11,135741,1393977600
1403000193,2014-03-05 00:00:00.000,2016-03-05 00:00:00.000,1,1,2014-03-05 13:15:58.900,منتهي,1,355270,11,135762,1393977600
1403000194,2014-03-05 00:00:00.000,2016-03-05 00:00:00.000,1,1,2014-03-05 13:30:09.447,منتهي,1,355270,11,140181,1393977600
1403000195,2014-03-05 00:00:00.000,2016-03-05 00:00:00.000,1,1,2014-03-05 13:31:21.567,منتهي,1,355270,11,148627,1393977600
1403000196,2014-03-05 00:00:00.000,2016-03-05 00:00:00.000,1,1,2014-03-05 13:32:40.767,منتهي,1,355270,11,153831,1393977600
1403000197,2014-03-05 00:00:00.000,2016-03-05 00:00:00.000,1,1,2014-03-05 13:34:42.730,منتهي,1,355270,11,153972,1393977600
1403000198,2014-03-05 00:00:00.000,2016-03-05 00:00:00.000,1,1,2014-03-05 13:36:03.930,منتهي,1,355270,11,156735,1393977600
1403000199,2014-03-05 00:00:00.000,2016-03-05 00:00:00.000,1,1,2014-03-05 13:37:39.520,منتهي,1,355270,9,162856,1393977600
1403000200,2014-03-05 00:00:00.000,2016-03-05 00:00:00.000,1,1,2014-03-05 13:39:24.547,منتهي,1,355270,9,162968,1393977600
1403000201,2014-03-05 00:00:00.000,2016-03-05 00:00:00.000,1,1,2014-03-05 13:41:55.213,منتهي,1,355270,9,163309,1393977600
1403000202,2014-03-05 00:00:00.000,2016-03-05 00:00:00.000,1,1,2014-03-05 13:47:31.467,منتهي,1,355270,9,163475,1393977600
1403000203,2014-03-13 00:00:00.000,2016-03-13 00:00:00.000,0,2,2014-12-08 00:00:01.080,منتهي,1,355270,9,163496,1394668800
1403000204,2014-03-05 00:00:00.000,2016-03-05 00:00:00.000,1,1,2014-03-05 13:50:02.633,منتهي,1,355270,9,163502,1393977600
1403000205,2014-03-05 00:00:00.000,2016-03-05 00:00:00.000,1,1,2014-03-05 13:52:08.317,منتهي,1,355270,9,164335,1393977600
1403000206,2014-03-05 00:00:00.000,2016-03-05 00:00:00.000,1,1,2014-03-05 13:53:20.687,منتهي,1,355270,9,164343,1393977600
1403000207,2014-03-05 00:00:00.000,2016-03-05 00:00:00.000,1,1,2014-03-05 13:54:40.107,منتهي,1,355270,9,164354,1393977600
1403000208,2014-03-05 00:00:00.000,2016-03-05 00:00:00.000,1,1,2014-03-05 13:55:55.853,منتهي,1,355270,9,165460,1393977600
1403000209,2014-03-05 00:00:00.000,2016-03-05 00:00:00.000,1,1,2014-03-05 13:57:43.413,منتهي,1,355270,9,167530,1393977600
1403000210,2014-03-05 00:00:00.000,2016-03-05 00:00:00.000,1,1,2014-03-05 13:58:57.987,منتهي,1,355270,9,167532,1393977600
1403000211,2014-03-05 00:00:00.000,2016-03-05 00:00:00.000,1,1,2014-03-05 14:00:12.283,منتهي,1,355270,9,167797,1393977600
1403000212,2014-03-05 00:00:00.000,2016-03-05 00:00:00.000,0,1,2014-03-05 14:01:29.670,منتهي,1,355270,9,168920,1393977600
1403000213,2014-03-05 00:00:00.000,2016-03-05 00:00:00.000,1,1,2014-03-05 14:08:46.403,منتهي,1,355270,19,35758,1393977600
1403000214,2014-03-05 00:00:00.000,2016-03-05 00:00:00.000,1,1,2014-03-05 14:09:49.790,منتهي,1,355270,19,57388,1393977600
1403000215,2014-03-05 00:00:00.000,2016-03-05 00:00:00.000,1,1,2014-03-05 14:10:36.837,منتهي,1,355270,19,64305,1393977600
1403000216,2014-03-05 00:00:00.000,2016-03-05 00:00:00.000,1,1,2014-03-05 14:12:47.580,منتهي,1,355270,6,21430,1393977600
1403000217,2014-03-05 00:00:00.000,2016-03-05 00:00:00.000,1,1,2014-03-05 14:21:58.420,منتهي,1,355270,23,30247,1393977600
1403000218,2014-03-05 00:00:00.000,2016-03-05 00:00:00.000,1,1,2014-03-05 14:23:11.637,منتهي,1,355270,23,30248,1393977600
1403000219,2014-03-05 00:00:00.000,2016-03-05 00:00:00.000,2,1,2014-03-05 14:25:27.597,منتهي,1,355270,23,32467,1393977600
1403000220,2014-03-05 00:00:00.000,2016-03-05 00:00:00.000,1,1,2014-03-05 14:26:45.033,منتهي,1,355270,28,21345,1393977600
1403000221,2014-03-05 00:00:00.000,2016-03-05 00:00:00.000,2,1,2014-03-05 14:28:06.513,منتهي,1,355270,31,14466,1393977600
1403000222,2014-03-05 00:00:00.000,2016-03-05 00:00:00.000,1,1,2014-03-05 14:29:06.370,منتهي,1,355270,22,32380,1393977600
1403000223,2014-03-05 00:00:00.000,2016-03-05 00:00:00.000,1,1,2014-03-05 14:30:30.557,منتهي,1,355270,22,32417,1393977600
1403000224,2014-03-05 00:00:00.000,2016-03-05 00:00:00.000,1,1,2014-03-05 14:35:24.717,منتهي,1,355270,4,47749,1393977600
1403000225,2014-03-05 00:00:00.000,2016-03-05 00:00:00.000,1,2,2015-01-03 00:00:00.367,منتهي,1,355270,4,47941,1393977600
1403000226,2014-03-05 00:00:00.000,2016-03-05 00:00:00.000,2,1,2014-03-05 14:41:17.873,منتهي,1,355270,22,45242,1393977600
1403000227,2014-03-05 00:00:00.000,2016-03-05 00:00:00.000,1,1,2014-03-05 14:42:25.387,منتهي,1,355270,10,58804,1393977600
1403000228,2014-03-05 00:00:00.000,2016-03-05 00:00:00.000,1,1,2014-03-05 14:43:30.480,منتهي,1,355270,10,59953,1393977600
1403000229,2014-03-05 00:00:00.000,2016-03-05 00:00:00.000,1,1,2014-03-05 14:44:51.943,منتهي,1,355270,10,60027,1393977600
